{
  "cycle": "102d",
  "ship": false,
  "reason": "single_split_failed",
  "bucket_counts": {
    "big": 19703,
    "forward": 40064,
    "guard": 40051,
    "unknown": 0
  },
  "train_bucket_counts": {
    "big": 12875,
    "forward": 26470,
    "guard": 25536,
    "unknown": 0
  },
  "single_split": {
    "n_rows": 99818,
    "n_train": 64881,
    "n_val": 14973,
    "n_holdout": 19964,
    "mae_global_baseline": 0.43920629247620196,
    "mae_dispatched": 0.4422841453534789,
    "delta_mae": 0.00307785287727691,
    "mae_vs_cycle27": 0.0024841453534788505,
    "per_bucket_train_meta": {
      "big": {
        "n_train": 12875,
        "n_val": 2908,
        "trained": true,
        "skip_reason": null
      },
      "forward": {
        "n_train": 26470,
        "n_val": 5975,
        "trained": true,
        "skip_reason": null
      },
      "guard": {
        "n_train": 25536,
        "n_val": 6090,
        "trained": true,
        "skip_reason": null
      }
    },
    "per_bucket_holdout_mae": {
      "big": 0.7856385923337459,
      "forward": 0.4386082197567894,
      "guard": 0.2858517946067169
    },
    "dispatch_counts": {
      "big": 3920,
      "forward": 7619,
      "guard": 8425,
      "fallback_global": 0
    }
  },
  "baseline_cycle27": 0.4398
}