{
  "verdict": "REJECTED (G3: null ratio <1.5)",
  "folds": [
    {
      "fold": 1,
      "n_train": 20353,
      "n_val": 20353,
      "base_mae_pts": 4.609978199005127,
      "aug_mae_pts": 4.609528064727783,
      "delta_pts": -0.00045013427734375,
      "base_mae_reb": 1.8780840635299683,
      "aug_mae_reb": 1.8773729801177979,
      "delta_reb": -0.0007110834121704102,
      "base_mae_ast": 1.3338196277618408,
      "aug_mae_ast": 1.3342071771621704,
      "delta_ast": 0.00038754940032958984
    },
    {
      "fold": 2,
      "n_train": 40706,
      "n_val": 20353,
      "base_mae_pts": 4.275343418121338,
      "aug_mae_pts": 4.279211521148682,
      "delta_pts": 0.00386810302734375,
      "base_mae_reb": 1.797581672668457,
      "aug_mae_reb": 1.7970978021621704,
      "delta_reb": -0.0004838705062866211,
      "base_mae_ast": 1.2935065031051636,
      "aug_mae_ast": 1.2970257997512817,
      "delta_ast": 0.003519296646118164
    },
    {
      "fold": 3,
      "n_train": 61059,
      "n_val": 20353,
      "base_mae_pts": 4.479636192321777,
      "aug_mae_pts": 4.472835540771484,
      "delta_pts": -0.006800651550292969,
      "base_mae_reb": 1.873520851135254,
      "aug_mae_reb": 1.8744741678237915,
      "delta_reb": 0.0009533166885375977,
      "base_mae_ast": 1.3079464435577393,
      "aug_mae_ast": 1.3096264600753784,
      "delta_ast": 0.0016800165176391602
    },
    {
      "fold": 4,
      "n_train": 81412,
      "n_val": 20353,
      "base_mae_pts": 4.657054901123047,
      "aug_mae_pts": 4.645285129547119,
      "delta_pts": -0.011769771575927734,
      "base_mae_reb": 1.9036555290222168,
      "aug_mae_reb": 1.899187684059143,
      "delta_reb": -0.0044678449630737305,
      "base_mae_ast": 1.3465886116027832,
      "aug_mae_ast": 1.3494880199432373,
      "delta_ast": 0.0028994083404541016
    }
  ],
  "trace_base": 44.93925436450426,
  "trace_aug": 44.9389904193289,
  "g4_pass": true,
  "g2_wins": {
    "pts": 3,
    "reb": 3,
    "ast": 0
  },
  "null_ratios": {
    "pts": {
      "real_delta": -0.0037881135940551758,
      "null_delta": -0.004993915557861328,
      "ratio": 0.7585457843979757,
      "pass": false
    },
    "reb": {
      "real_delta": -0.001177370548248291,
      "null_delta": -0.0015201866626739502,
      "ratio": 0.7744907761375444,
      "pass": false
    },
    "ast": {
      "real_delta": 0.002121567726135254,
      "null_delta": 0.0013647973537445068,
      "ratio": 1.5544928485642537,
      "pass": true
    }
  }
}