{
  "feature": "opp_top_def_pts_per_min",
  "coverage": 0.4030134845418662,
  "n_cached_games": 1050,
  "n_team_games_with_data": 2097,
  "walk_forward": [
    {
      "fold": 1,
      "mae_base": 4.478823282937986,
      "mae_aug": 4.473171531177369,
      "r2_base": 0.5734408445212851,
      "r2_aug": 0.5741678225593538,
      "d_mae": -0.005651751760616719
    },
    {
      "fold": 2,
      "mae_base": 4.5180836449941735,
      "mae_aug": 4.513842459894621,
      "r2_base": 0.5335449435120798,
      "r2_aug": 0.5345779542891191,
      "d_mae": -0.0042411850995520695
    },
    {
      "fold": 3,
      "mae_base": 4.6661880905040025,
      "mae_aug": 4.673322700129665,
      "r2_base": 0.5003973087469685,
      "r2_aug": 0.4994036709646624,
      "d_mae": 0.007134609625662591
    },
    {
      "fold": 4,
      "mae_base": 4.599242299837263,
      "mae_aug": 4.6004043746536185,
      "r2_base": 0.4953659644942707,
      "r2_aug": 0.49467248268710373,
      "d_mae": 0.0011620748163556627
    }
  ],
  "single_split": {
    "mae_base": 4.641584988373668,
    "mae_aug": 4.6478865408909495,
    "r2_base": 0.4989044513700467,
    "r2_aug": 0.4981026876889435,
    "d_mae": 0.0063015525172813724
  },
  "verdict": "REJECT",
  "wf_wins": 2,
  "wf_total": 4
}