{
  "n_rows": 99818,
  "stats": {
    "pts": {
      "0.1": {
        "mae_q": 7.365220867103547,
        "pinball_val": 0.848501926132024,
        "mae_q_lgb": 7.565022385198415
      },
      "0.5": {
        "mae_q": 4.650569362935032,
        "pinball_val": 2.3143495458570524,
        "mae_q_lgb": 4.631955979660234
      },
      "0.9": {
        "mae_q": 7.6305835117225635,
        "pinball_val": 1.2308271465341003,
        "mae_q_lgb": 8.375895911830106
      },
      "coverage_80": 0.7469445001001803,
      "avg_interval_width": 13.608683586120605
    },
    "reb": {
      "0.1": {
        "mae_q": 2.968726618680115,
        "pinball_val": 0.3462020820890941,
        "mae_q_lgb": 2.9746824243893633
      },
      "0.5": {
        "mae_q": 1.9034175761282874,
        "pinball_val": 0.9737519620727902,
        "mae_q_lgb": 1.9022886178538168
      },
      "0.9": {
        "mae_q": 3.448042878464978,
        "pinball_val": 0.5143849788667172,
        "mae_q_lgb": 3.530093103811855
      },
      "coverage_80": 0.7872670807453416,
      "avg_interval_width": 5.9272050857543945
    },
    "ast": {
      "0.1": {
        "mae_q": 2.092537663007265,
        "pinball_val": 0.2204788221673796,
        "mae_q_lgb": 2.1094243364196843
      },
      "0.5": {
        "mae_q": 1.3715619427568464,
        "pinball_val": 0.6605676622582434,
        "mae_q_lgb": 1.3716001584946762
      },
      "0.9": {
        "mae_q": 2.3916717829995204,
        "pinball_val": 0.36363990031959514,
        "mae_q_lgb": 2.5177453132584544
      },
      "coverage_80": 0.762322179923863,
      "avg_interval_width": 4.138426780700684
    },
    "fg3m": {
      "0.1": {
        "mae_q": 1.2773740801547162,
        "pinball_val": 0.12637402378812315,
        "mae_q_lgb": 1.272061727950466
      },
      "0.5": {
        "mae_q": 0.8943149804149118,
        "pinball_val": 0.430168294187078,
        "mae_q_lgb": 0.8963173745472431
      },
      "0.9": {
        "mae_q": 1.7609390124074786,
        "pinball_val": 0.24614107871598,
        "mae_q_lgb": 1.763373395589756
      },
      "coverage_80": 0.8716189140452815,
      "avg_interval_width": 2.8527896404266357
    },
    "stl": {
      "0.1": {
        "mae_q": 0.8322981366459627,
        "pinball_val": 0.07630401389167167,
        "mae_q_lgb": 0.8322981366459627
      },
      "0.5": {
        "mae_q": 0.7153080747309426,
        "pinball_val": 0.33484776988161075,
        "mae_q_lgb": 0.7163489382655696
      },
      "0.9": {
        "mae_q": 1.3887547943282046,
        "pinball_val": 0.19660334971006332,
        "mae_q_lgb": 1.4328199553126144
      },
      "coverage_80": 0.8975155279503105,
      "avg_interval_width": 2.057673454284668
    },
    "blk": {
      "0.1": {
        "mae_q": 0.4767080745341615,
        "pinball_val": 0.04415280838843251,
        "mae_q_lgb": 0.4767080745341615
      },
      "0.5": {
        "mae_q": 0.43977160850892505,
        "pinball_val": 0.20483365492293687,
        "mae_q_lgb": 0.4391033674791361
      },
      "0.9": {
        "mae_q": 0.8369212091697573,
        "pinball_val": 0.18863528160153048,
        "mae_q_lgb": 1.0858194611933945
      },
      "coverage_80": 0.8978661590863555,
      "avg_interval_width": 1.0240260362625122
    },
    "tov": {
      "0.1": {
        "mae_q": 1.2900124812634473,
        "pinball_val": 0.12395710474521546,
        "mae_q_lgb": 1.2796186214970742
      },
      "0.5": {
        "mae_q": 0.8932210636806626,
        "pinball_val": 0.42415353113974386,
        "mae_q_lgb": 0.8940484936935955
      },
      "0.9": {
        "mae_q": 1.696610611412048,
        "pinball_val": 0.23047470947723703,
        "mae_q_lgb": 1.6906691745588676
      },
      "coverage_80": 0.8510819475055099,
      "avg_interval_width": 2.8045597076416016
    }
  }
}