{
  "accuracy": 0.7169042769857433,
  "brier": 0.188018196500103,
  "uncalibrated_brier": 0.188018196500103,
  "calibration_lift": 0.003688987479041117,
  "calibrator_deployed": false,
  "xgb_brier": 0.19587690201184552,
  "lgb_brier": 0.1928627682789776,
  "lr_brier": 0.20200338811292412,
  "mlp_brier": 0.19766480473824866,
  "nb_brier": 0.2674223677635615,
  "w_xgb": 0.0,
  "w_lgb": 0.6649255448554262,
  "w_lr": 0.12268345633360704,
  "w_mlp": 0.03486135997426126,
  "w_nb": 0.16107116924828732,
  "meta_fit_source": "val_nnls_5way",
  "n_games": 2455,
  "seasons": [
    "2023-24",
    "2024-25"
  ]
}